92685,,112,大手町営業部,ｵｵﾃﾏﾁ          ,
92679,,100,本店,ﾎﾝﾃﾝ           ,
92711,,162,,,
93000,,,東京中央市場内出張所,ﾄｳｷﾖｳｲﾁﾊﾞ      ,
93052,,,羽田空港第二出張所,ﾊﾈﾀﾞｸｳｺｳﾀﾞｲﾆ   ,
93295,,189,東海公務部,ﾄｳｶｲｺｳﾑﾌﾞ      ,
93556,,,ＧＢＯ東京,,
93828,,,三菱ＵＦＪＭＳ証券,,
93963,,,本店営業部,,
94275,,,,,0
94332,,,,,0
94367,,,ふじみ野出張所,,
94385,,,豊洲,,
94819,,,本店営業部,,
94894,,,本店営業部,,
94999,,,本店営業部,,
95147,,,本店営業部,,
95161,,,,,0
95162,,,,,0
95163,,,,,0
95181,,,,,0
95193,,,,,0
95195,,,,,0
95199,,,,,0
95231,,,南部,ﾅﾝﾌﾞ           ,
95248,,,本店営業部,,
95338,,,本店営業部,,
95438,,,本店営業部,,
95522,,,本店営業部,,
95612,,,本店営業部,,
95695,,,本店営業部,,
95804,,,本店営業部,,
95861,,,本店営業部,,
96005,,,本店営業部,,
96123,,,本店営業部,,
96274,,,本店営業部,,
96400,,,本店営業部,,
96577,,,本店営業部,,
96725,,,本店営業部,,
96907,,,本店営業部,,
97000,,,本店営業部,,
97074,,,本店営業部,,
97119,,,竹ノ塚,,
97242,,,本店営業部,,
97447,,,本店営業部,,
97566,1315,,,,
97567,1315,,,,
97568,1315,,,,
97569,1315,,,,
97570,1315,,,,
97571,1315,,,,
97572,1315,,,,
97573,1315,,,,
97574,1315,,,,
97575,1315,,,,
97576,1315,,,,
97577,1315,,,,
97578,1315,,,,
97579,1315,,,,
97580,1315,,,,
97581,1315,,,,
97582,1315,,,,
97583,1315,,,,
97584,1315,,,,
97585,1315,,,,
97586,1315,,,,
97587,1315,,,,
97588,1315,,,,
97589,1315,,,,
97590,1315,,,,
97591,1315,,,,
97592,1315,,,,
97593,1315,,,,
97594,1315,,,,
97595,1315,,,,
97596,1315,,,,
97597,1315,,,,
97598,1315,,,,
97599,1315,,,,
97600,1315,,,,
97601,1315,,,,
97602,1315,,,,
97603,1315,,,,
97604,1315,,,,
97605,1315,,,,
97606,1315,,,,
97607,1315,,,,
97608,1315,,,,
97609,1315,,,,
97610,1315,,,,
97611,1315,,,,
97612,1315,,,,
97613,1315,,,,
97614,1315,,,,
97615,1315,,,,
97616,1315,,,,
97617,1315,,,,
97618,1315,,,,
97619,1315,,,,
97620,1315,,,,
97621,1315,,,,
97622,1315,,,,
97623,1315,,,,
97624,1315,,,,
97625,1315,,,,
97626,1315,,,,
97627,1315,,,,
97628,1315,,,,
97629,1315,,,,
97630,1315,,,,
97631,1315,,,,
97632,1315,,,,
97633,1315,,,,
97634,1315,,,,
97635,1315,,,,
97636,1315,,,,
97637,1315,,,,
97638,1315,,,,
97639,1315,,,,
97640,1315,,,,
97641,1315,,,,
97642,1315,,,,
97643,1315,,,,
97644,1315,,,,
97645,1315,,,,
97646,1315,,,,
97647,1315,,,,
97648,1315,,,,
97649,1315,,,,
97650,1315,,,,
97651,,,本店営業部,,
97743,,,本店営業部,,
97803,,,佐久穂,ｻｸﾎ            ,
97894,,,本店営業部,,
98075,,,本店営業部,,
98114,,,本店営業部,,
98220,,,本店営業部,,
98231,,,川西,,
98320,,,本店営業部,,
98494,,,,,0
98495,,,,,0
98499,,,,,0
98500,,,,,0
98519,,,,,0
98548,,,本店営業部,,
98553,,,,,0
98568,,,,,0
98570,,,,,0
98586,,,,,0
98615,,,,,0
98616,,,,,0
98618,,,,,0
98646,,,本店営業部,,
98699,,,本店営業部,,
98756,,,ニュータウン,,
98781,,,駒野出張所,,
98854,,,本店営業部,,
98891,,,尾崎出張所,,
99011,,,本店営業部,,
99156,,,本店営業部,,
99217,,,本店営業部,,
99266,,,八幡南代理店,,
99232,,,びわ湖ローズタウン代理店,,
99235,,,仰木雄琴代理店,,
99323,,,浅井代理店,,
99239,,,グリーンヒル代理店,,
99246,,,草津市役所代理店,,
99250,,,栗東駅前代理店,,
99279,,,甲良代理店,,
99348,,,本店営業部,,
99616,,,住ノ江駅前,,
99872,,,本店営業部,,
99914,,,本店営業部,,
99955,,,新子出張所,,
99996,,,城戸出張所,,
100046,,,本店営業部,,
100163,,,本店営業部,,
100226,,,本店営業部,,
100288,,,本店営業部,,
100296,,,玉造出張所,,
100297,,,宍道出張所,,
100300,,,大東出張所,,
100311,,,大社出張所,,
100314,,,温泉津出張所,,
100316,,,粕淵出張所,,
100333,,,岩美出張所,,
100337,,,智頭出張所,,
100353,,,生山出張所,,
100363,,,六日市出張所,,
100439,,,,,0
100440,,,本店営業部,,
100603,,,本店営業部,,
100757,,,本店営業部,,
100882,,,本店営業部,,
100981,,,本店営業部,,
101101,,,本店営業部,,
101253,,,本店営業部,,
101284,,,春野出張所,,
101355,,,思地出張所,,
101359,,,入野出張所,,
101371,,,本店営業部,,
101529,,,本店営業部,,
101573,,,本店営業部,,
101676,1350,876,,,
101677,1350,,本店営業部,,
101678,1350,133,,,
101679,1350,134,,,
101680,1350,135,,,
101681,1350,136,,,
101682,1350,137,,,
101683,1350,138,,,
101684,1350,,,,
101685,1350,159,,,
101686,1350,175,,,
101687,1350,176,,,
101688,1350,,本原中央,ﾓﾄﾊﾗﾁﾕｳｵｳ      ,
101689,1350,,,,
101690,1350,,,,
101691,1350,,,,
101692,1350,,,,
101693,1350,,,,
101694,1350,,,,
101695,1350,,,,
101696,1350,,,,
101697,1350,,,,
101698,1350,,,,
101699,1350,,,,
101700,1350,,,,
101701,1350,,,,
101702,1350,,,,
101703,1350,,,,
101704,1350,,,,
101705,1350,,,,
101706,1350,,,,
101707,1350,,,,
101708,1350,,,,
101709,1350,,,,
101710,1350,,,,
101711,1350,,大瀬戸中央,ｵｵｾﾄﾁﾕｳｵｳ      ,
101712,1350,,,,
101713,1350,,佐世保中央,ｻｾﾎﾞﾁﾕｳｵｳ      ,
101714,1350,414,,,
101715,1350,419,早岐中央,ﾊｲｷﾁﾕｳｵｳ       ,
101716,1350,415,,,
101717,1350,,大宮中央,ｵｵﾐﾔﾁﾕｳｵｳ      ,
101718,1350,,,,
101719,1350,,大野東,ｵｵﾉﾋｶﾞｼ ,
101720,1350,,平戸中央,ﾋﾗﾄﾞﾁﾕｳｵｳ      ,
101721,1350,416,,,
101722,1350,417,日野中央,ﾋﾉﾁﾕｳｵｳ        ,
101723,1350,418,佐世保市役所中央出張所,ｻｾﾎﾞｼﾔｸｼﾖﾁﾕｳｵｳ ,
101724,1350,,波佐見中央,ﾊｻﾐﾁﾕｳｵｳ       ,
101725,1350,,川棚中央,ｶﾜﾀﾅﾁﾕｳｵｳ      ,
101726,1350,,,,
101727,1350,,佐々中央,ｻｻﾞﾁﾕｳｵｳ       ,
101728,1350,,松浦中央,ﾏﾂｳﾗﾁﾕｳｵｳ      ,
101729,1350,,諫早,,
101730,1350,514,諫早駅前,,
101731,1350,,西諫早,,
101732,1350,,,,
101733,1350,,,,
101734,1350,,,,
101735,1350,,東諫早,,
101736,1350,,大村中央,ｵｵﾑﾗﾁﾕｳｵｳ      ,
101737,1350,515,,,
101738,1350,516,,,
101739,1350,,竹松中央,ﾀｹﾏﾂﾁﾕｳｵｳ      ,
101740,1350,,,,
101741,1350,,,,
101742,1350,,,,
101743,1350,563,,,
101744,1350,,,,
101745,1350,,島原中央,ｼﾏﾊﾞﾗﾁﾕｳｵｳ     ,
101746,1350,603,,,
101747,1350,,,,
101748,1350,613,,,
101749,1350,614,深江中央,ﾌｶｴﾁﾕｳｵｳ       ,
101750,1350,,,,
101751,1350,624,,,
101752,1350,,,,
101753,1350,642,,,
101754,1350,,,,
101755,1350,659,,,
101756,1350,,,,
101757,1350,,,,
101758,1350,712,,,
101759,1350,,,,
101760,1350,,,,
101761,1350,,,,
101762,1350,,,,
101763,1350,,,,
101764,1350,,,,
101765,1350,800,福岡中央,ﾌｸｵｶﾁﾕｳｵｳ      ,
101766,1350,816,,,
101767,1350,817,,,
101768,1350,818,,,
101769,1350,833,,,
101770,1350,834,久留米中央,ｸﾙﾒﾁﾕｳｵｳ       ,
101771,1350,,,,
101772,1350,,,,
101773,1350,835,,,
101774,1350,836,,,
101775,1350,837,東京中央,ﾄｳｷﾖｳﾁﾕｳｵｳ     ,
101776,,,佐世保本店営業部,ｻｾﾎﾞﾎﾝﾃﾝ       ,
101794,,,浦上駅前,ｳﾗｶﾐｴｷﾏｴ       ,
101795,,,住吉中央,ｵｵﾉﾁﾕｳｵｳ       ,
101798,,,大浦中央,ｵｵｳﾗﾁﾕｳｵｳ      ,
101801,,,野母中央,ｽﾐﾖｼﾁﾕｳｵｳ  ,
101802,,,時津中央,ﾄｷﾂﾁﾕｳｵｳ       ,
101803,,,滑石中央,ﾅﾒｼﾁﾕｳｵｳ       ,
101804,,,東長崎中央,ﾋｶﾞｼﾅｶﾞｻｷﾁﾕｳｵｳ ,
101805,,,長与中央,ﾅｶﾞﾖﾁﾕｳｵｳ      ,
101808,,,新戸町中央,ｼﾝﾄﾏﾁﾁﾕｳｵｳ     ,
101810,,,深堀中央,ﾌｶﾎﾘﾁﾕｳｵｳ      ,
101811,,,長崎漁港中央,ﾅｶﾞｻｷｷﾞﾖｺｳﾁﾕｳｵｳ,
101812,,,県庁中央,ｹﾝﾁﾖｳﾁﾕｳｵｳ     ,
101813,,,長崎市役所中央,ﾅｶﾞｻｷｼﾔｸｼﾖﾁﾕｳｵｳ,
101814,,,日見中央,ﾋﾐﾁﾕｳｵｳ        ,
101819,,,諫早中央,ｲｻﾊﾔﾁﾕｳｵｳ      ,
101820,,,諫早駅前中央,ｲｻﾊﾔｴｷﾏｴﾁﾕｳｵｳ  ,
101821,,,多良見中央,ﾀﾗﾐﾁﾕｳｵｳ       ,
101822,,,西諫早中央,ﾆｼｲｻﾊﾔﾁﾕｳｵｳ    ,
101828,,,国見中央,ｸﾆﾐﾁﾕｳｵｳ       ,
101830,,,口之津中央,ｸﾁﾉﾂﾁﾕｳｵｳ      ,
101834,,,西大村中央,ﾆｼｵｵﾑﾗﾁﾕｳｵｳ    ,
101847,,,福江中央,ﾌｸｴﾁﾕｳｵｳ       ,
101849,,,対馬中央,ﾂｼﾏﾁﾕｳｵｳ       ,
101864,,,本店営業部,,
101957,,,八代市役所,ﾔｼﾛｼﾔｸｼﾖ,
101987,,,本店営業部,,
102078,,,,,0
102080,,,本店営業部,,
102106,,,希望ヶ丘出張所,,
102158,,,中川原出張所,,
102177,,000,本店営業部,,
102328,,,本店営業部,,
102363,,,,,0
102398,,,本店営業部,,
102465,,,本店営業部,,
102504,,,糸島,ｲﾄｼﾏ           ,
102638,,,本店営業部,,
102675,,,本店営業部,,
102707,,,東京第五,ﾄｳｷﾖｳﾀﾞｲｺﾞ     ,
102708,,,東京第四,ﾄｳｷﾖｳﾀﾞｲﾖﾝ     ,
102716,,,東京第１,ﾄｳｷﾖｳﾀﾞｲｲﾁ     ,
102718,,,東京第３,ﾄｳｷﾖｳﾀﾞｲｻﾝ     ,
102721,,,東京第２,ﾄｳｷﾖｳﾀﾞｲﾆ      ,
102725,,,本店営業部,,
102813,,,本店営業部,,
102904,,,吉祥寺,ｷﾁｼﾞﾖｳｼﾞ,
102927,,,本店営業部,,
102933,,,本店営業一０８,ﾎﾝﾃﾝｴｲｲﾁｾﾞﾛﾊﾁ  ,
102940,,,池袋２０,ｲｹﾌﾞｸﾛﾆｾﾞﾛ     ,
102942,,,小岩２２,ｺｲﾜﾆﾆ          ,
102945,,,本店営業二２５,ﾎﾝﾃﾝｴｲﾆﾆｺﾞ     ,
102948,,,本店営業二３０,ﾎﾝﾃﾝｴｲﾆｻﾝｾﾞﾛ   ,
102970,,,名古屋駅前５３,ﾅｺﾞﾔｴｷﾏｴｺﾞｻﾝ   ,
102996,,,鳥取島根法人８１,ﾄﾂﾄﾘｼﾏﾈﾊﾁｲﾁ    ,
102997,,,鳥取島根法人８２,ﾄﾂﾄﾘｼﾏﾈﾊﾁﾆ     ,
103000,,,徳島法人部８５,ﾄｸｼﾏﾊﾁｺﾞ       ,
103014,,,本店営業一１６５,ﾎﾝﾃﾝｴｲｲﾁｲﾁﾛｸｺﾞ ,
103015,,,本店営業一１７２,ﾎﾝﾃﾝｴｲｲﾁｲﾁﾅﾅﾆ  ,
103017,,,新宿２０１,ｼﾝｼﾞﾕｸﾆｾﾞﾛｲﾁ   ,
103021,,,本店営業二２０７,ﾎﾝﾃﾝｴｲﾆﾆｾﾞﾛﾅﾅ  ,
103024,,,調布２１３,ﾁﾖｳﾌﾆｲﾁｻﾝ      ,
103041,,,池袋２６２,ｲｹﾌﾞｸﾛﾆﾛｸﾆ     ,
103044,,,調布２６５,ﾁﾖｳﾌﾆﾛｸｺﾞ      ,
103051,,,小岩２７２,ｺｲﾜﾆﾅﾅﾆ        ,
103054,,,名古屋駅前２７８,ﾅｺﾞﾔｴｷﾏｴﾆﾅﾅﾊﾁ  ,
103065,,,池袋３０４,ｲｹﾌﾞｸﾛｻﾝｾﾞﾛﾖﾝ  ,
103151,,,プリン,ﾌﾟﾘﾝ           ,
103170,,,カモミール,ｶﾓﾐ-ﾙ          ,
103171,,,エクレア,ｴｸﾚｱ           ,
103178,,,アールグレイ,ｱ-ﾙｸﾞﾚｲ        ,
103179,,,かりんとう,ｶﾘﾝﾄｳ          ,
103187,,,ダージリン,ﾀﾞ-ｼﾞﾘﾝ        ,
103193,,,マカロン,ﾏｶﾛﾝ           ,
103201,,,,,0
103214,,,トウキョウ,,
103223,,,センダイ,,
103234,,,ヒロシマ,,
103279,,,福岡,,
103346,,,本店営業部,,
103498,,,本店営業部,,
103629,,,本店営業部,,
103706,,,本店営業部,,
103778,,,本店営業部,,
103839,,,本店営業部,,
103886,,,,,0
103888,,,,,0
103891,,,本店営業部,,
103981,,,本店営業部,,
104062,,,本店営業部,,
104182,,,本店営業部,,
104283,,,本店営業部,,
104343,,,本店営業部,,
104377,,,本店営業部,,
104448,,,本店営業部,,
104501,,,本店営業部,,
104567,,,本店営業部,,
104606,,,本店営業部,,
104649,,,本店営業部,,
104755,,,本店営業部,,
104869,,,本店営業部,,
104955,1328,,,,
104956,1328,,,,
104957,1328,,,,
104958,1328,,,,
104959,1328,,,,
104960,1328,,,,
104961,1328,,,,
104962,1328,,,,
104963,1328,,,,
104964,1328,,,,
104965,1328,,,,
104966,1328,,,,
104967,1328,,,,
104968,1328,,,,
104969,1328,,,,
104970,1328,,,,
104971,1328,,,,
104972,1328,,,,
104973,1328,,,,
104974,1328,,,,
104975,1328,,,,
104976,1328,,,,
104977,1328,,,,
104978,1328,,,,
104979,1328,,,,
104980,1328,,,,
104981,1328,,,,
104982,1328,,,,
104983,1328,,,,
104984,1328,,,,
104985,1328,,,,
104986,1328,,,,
104987,1328,,,,
104988,1328,,,,
104989,1328,,,,
104990,1328,,,,
104991,1328,,,,
104992,1328,,,,
104993,1328,,,,
104994,1328,,,,
104995,1328,,,,
104996,1328,,,,
104997,1328,,,,
104998,1328,,,,
104999,1328,,,,
105000,1328,,,,
105001,1328,,,,
105002,1328,,,,
105003,1328,,,,
105004,1328,,,,
105005,1328,,,,
105006,1328,,,,
105007,1328,,,,
105008,1328,,,,
105009,1328,,,,
105010,1328,,,,
105011,1328,,,,
105012,1328,,,,
105013,1328,,,,
105014,1328,,,,
105015,1328,,,,
105016,1328,,,,
105017,1328,,,,
105018,1328,,,,
105019,1328,,,,
105020,1328,,,,
105021,1328,,,,
105022,1328,,,,
105023,1328,,,,
105024,1328,,,,
105025,1328,,,,
105026,1328,,,,
105027,1328,,,,
105028,1328,,,,
105029,1328,,,,
105030,1328,,,,
105031,1328,,,,
105032,1328,,,,
105033,1328,,,,
105034,1328,,,,
105035,1328,,,,
105036,1328,,,,
105037,1328,,,,
105038,1328,,,,
105039,1328,,,,
105040,1328,,,,
105041,1328,,,,
105042,1328,,,,
105043,1328,,,,
105044,1328,,,,
105045,1328,,,,
105046,1328,,,,
105047,1328,,,,
105048,1328,,,,
105049,1328,,,,
105050,1328,,,,
105051,,,本店営業部,,
105155,,,本店営業部,,
105162,,,黒田出張所,,
105188,,,本店営業部,,
105249,,,本店営業部,,
105353,,,本店営業部,,
105413,,,本店営業部,,
105506,,,,,0
105507,,,,,0
105516,,,,,0
105517,,,,,0
105520,,,本店営業部,,
105608,,,本店営業部,,
105708,,,,,0
105715,,,本店営業部,,
105787,,,本店営業部,,
105828,,,本店営業部,,
105862,,,本店営業部,,
105914,,,本店営業部,,
105955,,,本店営業部,,
105997,,,本店営業部,,
106000,,,アートセンター出張所,,
106013,,,船塚出張所,,
106020,,,田野出張所,,
106050,,,本店営業部,,
106114,,,本店営業部,,
106143,,,美里,ﾐｻﾄ         ,
106182,,,,,0
106201,,,本店営業部,,
106354,,,,,0
106368,,,,,0
106380,,,,,0
106404,,,本店営業部,,
106412,,,本店営業部,,
106414,,,,,0
106484,,,本店営業部,,
106524,,,本店営業部,,
106543,,,,,0
106618,,,本店営業部,,
106646,,,,,0
106647,,,,,0
106667,,,本店営業部,,
106704,,,,,0
106706,,,,,0
106707,,,本店営業部,,
106713,,,,,0
106722,,,,,0
106725,,,,,0
106728,,,,,0
106735,,,,,0
106739,,,,,0
106743,,,,,0
106753,,,,,0
106754,,,,,0
106756,,,,,0
106759,,,,,0
106769,,,,,0
106814,,,,,0
106826,,,本店営業部,,
106839,,,本店営業部,,
106848,,,,,0
106852,,,,,0
106853,,,,,0
106860,,,,,0
106938,,,本店営業部,,
106939,,,,,0
106965,,,本店営業部,,
106978,,,本店営業部,,
106990,,,本店営業部,,
107011,,,,,0
107018,,,本店営業部,,
107036,,,本店営業部,,
107071,,,本店営業部,,
107094,,,本店営業部,,
107101,,,本店営業部,,
107116,,,本店営業部,,
107147,,,本店営業部,,
107173,,,本店営業部,,
107205,,,,,0
107212,,,,,0
107215,,,,,0
107224,,,本店営業部,,
107240,,,本店営業部,,
107249,,,本店営業部,,
107260,,,本店営業部,,
107312,,,本店営業部,,
107342,,,,,0
107347,,,,,0
107349,,,,,0
107354,,,本店営業部,,
107366,,,本店営業部,,
107382,,,本店営業部,,
107388,,,,,0
107390,,,,,0
107428,,,本店営業部,,
107484,,,本店営業部,,
107580,,,本店営業部,,
107625,,,本店営業部,,
107706,,,本店営業部,,
107822,,,,,0
107824,,,本店営業部,,
107840,,,本店営業部,,
107901,,,本店営業部,,
107946,,,本店営業部,,
107993,,,本店営業部,,
108049,,,本店営業部,,
108093,,,,,0
108123,,,本店営業部,,
108218,,,,,0
108244,,,,,0
108247,,,本店営業部,,
108305,,,本店営業部,,
108421,,,本店営業部,,
108499,,,本店営業部,,
108685,,,しらうめＪネット,,
108730,,,本店営業部,,
108825,,,本店営業部,,
108865,,,本店営業部,,
109017,,,,,0
109018,,,,,0
109037,,,新潟西,ﾆｲｶﾞﾀﾆｼ        ,
109042,,,,,0
109046,,,本店営業部,,
109070,,,,,0
109118,,,,,0
109146,,,本店営業部,,
109149,,,,,0
109164,,,,,0
109165,,,甲斐,ｶｲ             ,
109170,,,,,0
109242,,,本店営業部,,
109243,,,本店営業部,,
109266,,,,,0
109294,,,本店営業部,,
109315,,,本店営業部,,
109347,,,本店営業部,,
109352,,,,,0
109359,,,,,0
109360,,,本店営業部,,
109389,,,本店営業部,,
109403,,,美幸町,ﾐﾕｷﾁﾖｳ         ,
109408,,,,,0
109409,,,,,0
109419,,,本店営業部,,
109436,,,本店営業部,,
109449,,,本店営業部,,
109481,,,本店営業部,,
109485,,,,,0
109494,,,,,0
109497,,,,,0
109508,,,,,0
109509,,,本店営業部,,
109514,,,,,0
109517,,,,,0
109521,1597,101,つるぎ営業部,ﾂﾙｷﾞ           ,
109522,,,,,0
109523,1597,103,,,
109524,1597,104,,,
109525,1597,105,,,
109526,1597,106,,,
109527,1597,108,,,
109528,1597,109,野々市南,ﾉﾉｲﾁﾐﾅﾐ        ,
109529,1597,110,,,
109530,1597,,,,0
109531,1597,114,,,
109532,1597,115,松任南,松任南,
109533,1597,116,,,
109534,,,本店営業部,,
109555,,,本店営業部,,
109566,,,,,0
109568,,,,,0
109581,,,,,0
109593,,,,,0
109600,,,,,0
109602,,,本店営業部,,
109610,,,本店営業部,,
109627,,,,,0
109650,,,,,0
109651,,,本店営業部,,
109655,,,,,0
109661,,,,,0
109672,,,,,0
109678,,,,,0
109688,,,,,0
109690,,,,,0
109691,,,本店営業部,,
109733,,,本店営業部,,
109782,,,,,0
109785,,,,,0
109799,,,,,0
109800,,,,,0
109852,,,本店営業部,,
109920,,,本店営業部,,
109921,,,,,0
109940,,,,,0
109956,,,,,0
109966,,,,,0
109967,,,,,0
109968,,,,,0
109969,,,,,0
109985,,,,,0
109994,,,,,0
109999,,,本店営業部,,
110025,,,本店営業部,,
110122,,,本店営業部,,
110134,,,,,0
110140,,,,,0
110146,,,,,0
110149,,,本店営業部,,
110168,,,本店営業部,,
110170,,,,,0
110206,,,土岐中央,ﾄｷﾁﾕｳｵｳ        ,
110222,,,本店営業部,,
110233,,,本店営業部,,
110262,,,本店営業部,,
110296,,,本店営業部,,
110395,,,本店営業部,,
110427,,,,,0
110447,,,本店営業部,,
110515,,,本店営業部,,
110553,,,本店営業部,,
110569,,,本店営業部,,
110603,,,本店営業部,,
110645,,,本店営業部,,
110722,,,本店営業部,,
110770,,,本店営業部,,
110781,,,,,0
110786,,,,,0
110816,,,本店営業部,,
110861,,,本店営業部,,
110886,,,本店営業部,,
110941,,,松阪,,
110957,,,本店営業部,,
110994,,,本店営業部,,
110995,,,本店営業部,,
111010,,,本店営業部,,
111114,,,本店営業部,,
111243,,,本店営業部,,
111273,,,,,0
111280,,,本店営業部,,
111282,,,花園,ﾊﾅｿﾞﾉ          ,
111284,,,,,0
111353,,,本店営業部,,
111380,,,本店営業部,,
111466,,,本店営業部,,
111486,,,本店営業部,,
111527,,,本店営業部,,
111541,,,,,0
111548,,,,,0
111549,,,,,0
111572,,,,,0
111574,,,本店営業部,,
111594,,,本店営業部,,
111608,,,本店営業部,,
111620,,,,,0
111627,,,本店営業部,,
111639,,,,,0
111670,,,本店営業部,,
111671,,,,,0
111693,,,,,0
111714,,,,,0
111720,,,本店営業部,,
111752,,,,,0
111767,,,本店営業部,,
111835,,,本店営業部,,
111871,,,本店営業部,,
111881,,,,,0
111947,,,,,0
111960,,,本店営業部,,
111996,,,本店営業部,,
112019,,,,,0
112024,,,本店営業部,,
112048,,,,,0
112053,,,本店営業部,,
112079,,,本店営業部,,
112119,,,本店営業部,,
112142,,,本店営業部,,
112160,,,本店営業部,,
112176,,,本店営業部,,
112178,,,,,0
112179,,,,,0
112183,,,,,0
112185,,,本店営業部,,
112198,,,本店営業部,,
112217,,,,,0
112219,,,本店営業部,,
112220,,,,,0
112231,,,本店営業部,,
112252,,,,,0
112253,,,,,0
112267,,,本店営業部,,
112297,,,本店営業部,,
112298,,,,,0
112318,,,本店営業部,,
112328,,,本店営業部,,
112340,1680,101,日生営業部,ﾋﾅｾ            ,
112341,1680,102,,,
112342,,,,,0
112343,1680,104,,,
112344,1680,106,,,
112345,,,,,0
112346,1680,108,,,
112347,1680,109,赤磐,ｱｶｲﾜ           ,
112348,,,,,0
112349,,,,,0
112350,,,本店営業部,,
112357,,,,,0
112359,,,桜が丘,ｻｸﾗｶﾞｵｶ        ,
112361,,,上道駅前,ｼﾞﾖｳﾄｳｴｷﾏｴ     ,
112362,,,本店営業部,,
112432,,,本店営業部,,
112475,,,本店営業部,,
112484,,,,,0
112527,,,本店営業部,,
112601,,,,,0
112609,,,本店営業部,,
112619,,,,,0
112628,,,,,0
112638,,,本店営業部,,
112669,,,本店営業部,,
112686,,,本店営業部,,
112703,,,,,0
112707,,,今治南,ｲﾏﾊﾞﾘﾐﾅﾐ       ,
112708,,,,,0
112709,,,,,0
112728,,,,,0
112737,,,,,0
112740,,,本店営業部,,
112750,,,本店営業部,,
112766,,,本店営業部,,
112780,,,本店営業部,,
112783,,,,,0
112786,,,万々みかづき,ﾏﾏﾐｶﾂﾞｷ        ,
112787,,,旭かがみ,ｱｻﾋｶｶﾞﾐ  ,
112790,,,,,0
112795,,,山田かみ,ﾔﾏﾀﾞｶﾐ         ,
112796,,,須崎つのやま,ｽｻｷﾂﾉﾔﾏ        ,
112797,,,,,0
112805,,,,,0
112826,,,本店営業部,,
112854,,,守恒,ﾅｶﾊﾞﾙ    ,
112862,,,,,0
112871,,,本店営業部,,
112885,,,本店営業部,,
112898,,,本店営業部,,
112926,,,本店営業部,,
112951,,,本店営業部,,
112959,,,本店営業部,,
112969,,,,,0
112971,,,本店営業部,,
112979,,,本店営業部,,
112996,,,諫早,,
112997,,,,,0
112998,,,本店営業部,,
113011,,,本店営業部,,
113027,,,本店営業部,,
113068,,,本店営業部,,
113091,,,南,ﾐﾅﾐ            ,
113104,,,本店営業部,,
113106,,,,,0
113119,,,,,0
113139,,,,,0
113141,,,,,0
113151,,,,,0
113172,,,,,0
113205,,,本店営業部,,
113212,,,,,0
113234,,,,,0
113241,,,,,0
113247,,,本店営業部,,
113296,,,,,0
113363,,,本店営業部,,
113441,,,本店営業部,,
113456,,,,,0
113458,,,,,0
113462,,,,,0
113466,,,,,0
113467,,,,,0
113472,,,本店営業部,,
113484,,,,,0
113487,,,本店営業部,,
113490,,,北東北盛岡,ｷﾀﾄｳﾎｸﾓﾘｵｶ     ,
113492,,,,,0
113494,,,本店営業部,,
113499,,,本店営業部,,
113516,,,本店営業部,,
113527,,,本店営業部,,
113544,,,,,0
113547,,,,,0
113550,,,,,0
113555,,,本店営業部,,
113563,,,大宮,ｵｵﾐﾔ           ,
113564,,,,,0
113571,,,本店営業部,,
113623,,,本店営業部,,
113639,,,本店営業部,,
113655,,,本店営業部,,
113684,,,本店営業部,,
113697,,,本店営業部,,
113776,,,,,0
113782,,,本店営業部,,
113789,,,本店営業部,,
113823,,,本店営業部,,
113869,,,本店営業部,,
113899,,,,,0
113938,,,本店営業部,,
113992,,,本店営業部,,
114016,,,本店営業部,,
114039,,,,,0
114043,,,,,0
114055,,,,,0
114079,,,本店営業部,,
114091,,,本店営業部,,
114113,,,本店営業部,,
114147,,,本店営業部,,
114150,,,本店営業部,,
114203,,,,,0
114204,,,,,0
114225,,,本店営業部,,
114234,,,本店営業部,,
114238,,,,,0
114267,,,本店営業部,,
114269,,,,,0
114281,,,,,0
114285,,,,,0
114301,,,本店営業部,,
114322,,,本店営業部,,
114355,,,松本営業部,,
114376,,,,,0
114377,,,庄川井波,ｼﾖｳｶﾞﾜｲﾅﾐ      ,
114381,,,本店営業部,,
114382,,,,,0
114383,,,,,0
114396,,,本店営業部,,
114405,,,本店営業部,,
114409,,,本店営業部,,
114420,,,本店営業部,,
114429,,,,,0
114433,,,本店営業部,,
114441,,,,,0
114455,,,本店営業部,,
114470,,,本店営業部,,
114485,,,本店営業部,,
114492,,,本店営業部,,
114498,,,本店営業部,,
114509,,,本店営業部,,
114514,,,本店営業部,,
114534,,,本店営業部,,
114552,,,本店営業部,,
114561,,,本店営業部,,
114564,,,本店営業部,,
114575,,,豊中,ﾄﾖﾅｶ,
114577,,,,,0
114580,,,本店営業部,,
114597,,,本店営業部,,
114599,,,阿倍野,ｱﾍﾞﾉ           ,
114623,,,本店営業部,,
114625,,,なんば,ﾅﾝﾊﾞ           ,
114633,,,本店営業部,,
114637,,,本店営業部,,
114662,,,本店営業部,,
114685,,,本店営業部,,
114693,,,本店営業部,,
114698,,,本店営業部,,
114711,,,本店営業部,,
114727,,,本店営業部,,
114762,,,本店営業部,,
114780,,,,,0
114785,,,,,0
114787,,,本店営業部,,
114794,,,,,0
114796,,,,,0
114801,,,本店営業部,,
114805,,,,,0
114816,,,本店営業部,,
114829,,,本店営業部,,
114833,,,本店営業部,,
114852,,,本店営業部,,
114856,,,本店営業部,,
114860,,,,,0
114869,,,,,0
114879,,,,,0
114881,,,,,0
114887,,,,,0
114893,,,,,0
114894,,,,,0
114897,,,,,0
114906,,,本店営業部,,
114914,,,本店営業部,,
114924,,,本店営業部,,
114942,,,本店営業部,,
114945,,,,,0
114960,,,本店営業部,,
114998,,,,,0
114999,,,,,0
115041,,,本店営業部,,
115097,,,本店営業部,,
115193,,,,,0
115197,,,,,0
115202,,,久喜,ｸｷ             ,
115206,,,,,0
115225,,,本店営業部,,
115257,,,,,0
115310,,,本店営業部,,
115332,,,本店営業部,,
115360,,,,,0
115370,,,,,0
115379,,,,,0
115382,,,奥越,ｵｸｴﾂ           ,
115384,,,本店営業部,,
115419,,,,,0
115445,,,本店営業部,,
115498,,,本店営業部,,
115524,,,本店営業部,,
115532,,,四国中央,ｼｺｸﾁﾕｳｵｳ       ,
115662,,,,,0
115664,,,,,0
115696,,,,,0
115731,,,,,0
115761,,,,,0
115766,,,,,0
115770,,,,,0
115771,,,,,0
115792,,,,,0
115782,,,本店,ﾎﾝﾃﾝ ,
115827,1956,004,留萌,ﾙﾓｲ            ,
115828,1956,005,,,
115829,1956,006,,,
115830,1956,007,苫前,ﾄﾏﾏｴ           ,
115834,1956,008,天塩,ﾃｼｵ            ,
115844,,,,,0
115847,,,,,0
115862,,,本店,ﾎﾝﾃﾝ ,
115863,,,,,0
115868,,,,,0
115870,,,,,0
115873,,,,,0
115889,1974,003,中頓別,ﾅｶﾄﾝﾍﾞﾂ        ,
115894,,,,,0
115895,,,,,0
115919,1994,003,高島,ﾀｶｼﾏ           ,
115948,,,,,0
115964,,,,,0
115965,,,本店,ﾎﾝﾃﾝ           ,
116021,,,,,0
116022,,,,,0
116027,,,,,0
116028,,,,,0
116029,,,,,0
116049,,,,,0
116052,,,,,0
116056,,,,,0
116059,,,,,0
116063,,,,,0
116064,,,,,0
116066,,,,,0
116067,,,八幡平,ﾊﾁﾏﾝﾀｲ         ,
116068,,,,,0
116069,,,,,0
116071,,,,,0
116073,,,,,0
116077,,,,,0
116079,,,,,0
116081,,,,,0
116085,,,,,0
116086,,,,,0
116090,,,,,0
116092,,,,,0
116094,,,,,0
116095,,,,,0
116096,,,,,0
116097,,,紫波,ｼﾜ             ,
116098,,,,,0
116099,,,,,0
116101,,,,,0
116102,,,都南,ﾄﾅﾝ            ,
116103,,,,,0
116104,,,,,0
116105,,,,,0
116106,,,盛岡,ﾓﾘｵｶ           ,
116107,,,,,0
116138,,,,,0
116139,,,水沢,ﾐｽﾞｻﾜ,
116140,,,,,0
116143,,,,,0
116166,,,,,0
116207,,,,,0
116209,,,,,0
116216,,,,,0
116217,,,,,0
116218,,,,,0
116221,,,,,0
116290,,,,,0
116292,,,,,0
116293,,,,,0
116304,,,,,0
116306,,,,,0
116311,,,,,0
116312,,,,,0
116316,,,,,0
116317,,,潟上,ｶﾀｶﾞﾐ   ,
116337,,,,,0
116353,,,,,0
116354,,,大曲北,ｵｵﾏｶﾞﾘｷﾀ       ,
116355,,,,,0
116356,,,,,0
116357,,,,,0
116359,,,,,0
116361,,,,,0
116362,,,,,0
116366,,,,,0
116368,,,,,0
116370,,,,,0
116373,,,,,0
116381,,,,,0
116391,,,湯沢北,ﾕｻﾞﾜｷﾀ         ,
116392,,,,,0
116393,,,,,0
116396,,,稲川,ｲﾅｶﾜ           ,
116397,,,,,0
116398,,,雄勝,ｵｶﾞﾁ           ,
116399,,,羽後,ｳｺﾞ            ,
116400,,,,,0
116427,,,,,0
116428,,,,,0
116429,,,,,0
116430,,,,,0
116431,,,,,0
116432,,,,,0
116433,,,,,0
116434,,,,,0
116435,,,,,0
116437,,,寒河江東,ｻｶﾞｴﾋｶﾞｼ,
116438,,,,,0
116440,,,,,0
116442,,,寒河江西,ｻｶﾞｴﾆｼ ,
116443,,,,,0
116444,,,,,0
116445,,,,,0
116447,,,,,0
116449,,,,,0
116450,,,,,0
116453,,,,,0
116454,,,,,0
116455,,,,,0
116461,,,本店,ﾎﾝﾃﾝ    ,
116462,,,東部,ﾄｳﾌﾞ  ,
116463,,,,,0
116464,,,西部,ｾｲﾌﾞ ,
116465,,,,,0
116467,,,,,0
116468,,,,,0
116471,,,,,0
116477,,,,,0
116479,,,,,0
116487,,,,,0
116497,,,,,0
116520,,,,,0
116537,,,,,0
116543,,,,,0
116591,,,,,0
116593,,,,,0
116604,,,,,0
116666,,,,,0
116667,,,,,0
116673,,,,,0
116674,,,,,0
116676,,,四倉,ﾖﾂｸﾗ           ,
116679,,,,,0
116684,,,,,0
116685,,,,,0
116691,,,,,0
116692,,,,,0
116697,,,,,0
116702,,,,,0
116703,,,,,0
116722,,,千波,ｾﾝﾊﾞ           ,
116725,,,,,0
116726,,,,,0
116727,,,いばらき,ｲﾊﾞﾗｷ          ,
116728,,,,,0
116730,,,しろさと,ｼﾛｻﾄ           ,
116731,,,,,0
116732,,,常澄大洗,ﾂﾈｽﾞﾐｵｵｱﾗｲ     ,
116734,,,海浜,ｶｲﾋﾝ           ,
116736,,,,,0
116737,,,,,0
116805,,,,,0
116806,,,伊奈,ｲﾅ             ,
116808,,,,,0
116839,,,,,0
116840,,,,,0
116841,,,,,0
116842,,,境,ｻｶｲ            ,
116868,,,,,0
116869,,,,,0
116871,,,,,0
116872,,,,,0
116876,,,,,0
116877,,,,,0
116878,,,,,0
116897,,,,,0
116899,,,,,0
116904,,,,,0
116920,,,,,0
116921,,,,,0
116922,,,大田原南,ﾁｶｿﾉ           ,
116923,,,大田原北,ｶﾈﾀﾞ           ,
116929,,,,,0
116930,,,,,0
116938,,,,,0
116939,,,南那須,ﾐﾅﾐﾅｽ          ,
116941,,,,,0
116943,,,,,0
116958,,,東,ﾋｶﾞｼ           ,
116960,,,,,0
116961,,,,,0
116962,,,,,0
116963,,,山辺,ﾔﾏﾍﾞ           ,
116965,,,,,0
116971,,,,,0
116972,,,赤城,ｱｶｷﾞ           ,
116981,,,,,0
116982,,,西部,ｾｲﾌﾞ           ,
116983,,,,,0
116984,,,,,0
117011,,,本店,ﾎﾝﾃﾝ           ,
117012,,,北,ｷﾀ             ,
117013,,,,,0
117014,,,榛東出張所,ｼﾝﾄｳ           ,
117015,,,南,ﾐﾅﾐ            ,
117016,,,中央,ﾁﾕｳｵｳ          ,
117017,,,,,0
117018,,,,,0
117021,,,,,0
117024,,,,,0
117025,,,藤岡中央,ﾌｼﾞｵｶﾁﾕｳｵｳ     ,
117031,,,,,0
117035,,,,,0
117043,,,東吾妻,ﾋｶﾞｼｱｶﾞﾂﾏ      ,
117044,,,,,0
117045,,,,,0
117046,,,,,0
117048,,,,,0
117051,,,,,0
117052,,,,,0
117055,,,,,0
117080,,,,,0
117083,,,南,ﾐﾅﾐ ,
117084,,,,,0
117108,,,,,0
117109,,,千代田,ﾁﾖﾀﾞ           ,
117111,,,,,0
117112,,,邑楽,ｵｳﾗ            ,
117113,,,,,0
117123,,,,,0
117125,,,,,0
117131,,,,,0
117142,,,,,0
117148,,,,,0
117149,,,,,0
117172,,,,,0
117173,,,北本,ｷﾀﾓﾄ           ,
117174,,,,,0
117183,,,,,0
117184,,,川越東,ｶﾜｺﾞｴﾋｶﾞｼ      ,
117187,,,,,0
117188,,,大東,ﾀﾞｲﾄｳ          ,
117190,,,,,0
117191,,,小江戸,ｺｴﾄﾞ           ,
117193,,,霞ヶ関,ｶｽﾐｶﾞｾｷ        ,
117194,,,,,0
117196,,,ふじみ野,ﾌｼﾞﾐﾉ          ,
117197,,,,,0
117200,,,,,0
117201,,,,,0
117202,,,,,0
117206,,,,,0
117207,,,,,0
117208,,,所沢西,ﾄｺﾛｻﾞﾜﾆｼ       ,
117210,,,,,0
117214,,,,,0
117223,,,,,0
117227,,,鶴ヶ島,ﾂﾙｶﾞｼﾏ         ,
117236,,,,,0
117238,,,東松山北,ﾋｶﾞｼﾏﾂﾔﾏｷﾀ     ,
117239,,,,,0
117241,,,東松山南,ﾋｶﾞｼﾏﾂﾔﾏﾐﾅﾐ    ,
117244,,,,,0
117248,,,ときがわ,ﾄｷｶﾞﾜ          ,
117249,,,,,0
117262,,,,,0
117263,,,,,0
117264,,,,,0
117267,,,,,0
117268,,,,,0
117282,,,,,0
117284,,,,,0
117289,,,妻沼東,ﾒﾇﾏﾋｶﾞｼ,
117290,,,,,0
117292,,,大里,ｵｵｻﾄ,
117293,,,,,0
117323,,,,,0
117324,,,,,0
117325,,,,,0
117341,,,,,0
117344,,,,,0
117347,,,,,0
117349,,,,,0
117362,,,,,0
117363,,,彦成,ﾋｺﾅﾘ           ,
117365,,,,,0
117371,,,,,0
117374,,,,,0
117375,,,深谷北,ﾌｶﾔｷﾀ          ,
117376,,,,,0
117377,,,深谷南,ﾌｶﾔﾐﾅﾐ         ,
117378,,,,,0
117379,,,,,0
117380,,,,,0
117381,,,,,0
117382,,,,,0
117383,,,,,0
117384,,,寄居中央,ﾖﾘｲﾁﾕｳｵｳ       ,
117385,,,,,0
117386,,,,,0
117387,,,,,0
117388,,,,,0
117389,,,,,0
117410,,,,,0
117418,,,,,0
117422,,,,,0
117423,,,,,0
117456,,,,,0
117457,,,,,0
117458,,,中央,ﾁﾕｳｵｳ          ,
117459,,,,,0
117460,,,さんぶ,ｻﾝﾌﾞ           ,
117467,,,,,0
117469,,,,,0
117477,,,,,0
117497,,,,,0
117514,,,,,0
117519,,,,,0
117520,,,,,0
117521,,,松戸西,ﾏﾂﾄﾞﾆｼ         ,
117524,,,,,0
117574,,,,,0
117586,,,,,0
117648,,,植物公園前,ｼﾖｸﾌﾞﾂｺｳｴﾝﾏｴ   ,
117655,,,,,0
117656,,,,,0
117668,,,,,0
117674,,,,,0
117678,,,,,0
117681,,,,,0
117685,,,,,0
117691,,,,,0
117696,,,,,0
117709,,,,,0
117829,,,くりはま,ｸﾘﾊﾏ           ,
117830,,,,,0
117832,,,,,0
117834,,,,,0
117835,,,,,0
117836,,,,,0
117896,,,,,0
117898,,,,,0
117907,,,,,0
117917,,,,,0
117982,,,,,0
117984,,,,,0
117996,,,,,0
117998,,,,,0
118003,,,,,0
118004,,,,,0
118005,,,,,0
118006,,,,,0
118007,,,,,0
118008,,,笛南,ﾃｷﾅﾝ           ,
118010,,,,,0
118012,,,,,0
118013,,,,,0
118018,,,,,0
118020,,,,,0
118022,,,,,0
118023,,,,,0
118026,,,,,0
118027,,,,,0
118029,,,,,0
118030,,,,,0
118031,,,,,0
118033,,,,,0
118035,,,,,0
118036,,,,,0
118037,,,,,0
118057,,,韮崎,,
118058,,,,,0
118059,,,,,0
118060,,,,,0
118061,,,,,0
118062,,,,,0
118064,,,,,0
118065,,,,,0
118066,,,,,0
118067,,,,,0
118068,,,,,0
118069,,,北杜,ﾎｸﾄ            ,
118070,,,,,0
118071,,,,,0
118072,,,,,0
118073,,,,,0
118078,,,,,0
118082,,,,,0
118086,,,,,0
118092,,,,,0
118130,,,,,0
118131,,,,,0
118133,,,,,0
118135,,,,,0
118136,,,諏訪,ｽﾜ             ,
118137,,,,,0
118138,,,諏訪中央,ｽﾜﾁﾕｳｵｳ        ,
118139,,,,,0
118140,,,,,0
118151,,,駒ヶ根,ｺﾏｶﾞﾈ          ,
118152,,,駒ヶ根東,ｺﾏｶﾞﾈﾋｶﾞｼ      ,
118176,,,南部,ﾅﾝﾌﾞ           ,
118177,,,中部,ﾁﾕｳﾌﾞ          ,
118178,,23,北部,ﾎｸﾌﾞ           ,
118179,,,,,0
118180,,,,,0
118181,,,,,0
118183,2204,031,松本,ﾏﾂﾓﾄ ,
118204,2204,036,,,
118205,2204,032,塩尻,ｼｵｼﾞﾘ          ,
118207,,,,,0
118209,,,,,0
118212,,,,,0
118213,,,,,0
118214,,,,,0
118215,,,,,0
118216,,,,,0
118217,,,,,0
118218,,,梓川,ｱｽﾞｻｶﾞﾜ        ,
118219,,,,,0
118220,,,,,0
118222,,,,,0
118223,,,三郷,ﾐｻﾄ            ,
118225,,,,,0
118227,,,,,0
118229,,,,,0
118233,,,,,0
118271,,,,,0
118272,,,,,0
118273,,,,,0
118277,,,,,0
118289,2218,116,あがの,ｱｶﾞﾉ           ,
118290,2218,117,,,
118291,2218,118,,,
118292,2218,119,ささかみ,ｻｻｶﾐ           ,
118301,,,,,0
118302,2218,101,,,
118303,2218,102,,,
118304,2218,103,,,
118305,2218,104,,,
118306,2218,107,,,
118307,2218,106,,,
118308,2218,105,,,
118309,2218,108,,,
118310,2218,112,,,
118311,2218,111,,,
118312,2218,109,,,
118313,2218,110,,,
118314,,,,,0
118315,2218,114,,,
118316,2218,113,,,
118317,2218,115,小須戸,ｺｽﾄﾞ           ,
118319,,,,,0
118326,,,,,0
118327,,,,,0
118332,,,,,0
118335,,,,,0
118336,,,,,0
118337,,,,,0
118338,,,,,0
118340,,,,,0
118341,,,,,0
118344,,,,,0
118346,,,,,0
118350,,,,,0
118351,,,,,0
118361,,,,,0
118364,,,,,0
118366,,,,,0
118367,,,,,0
118370,,,,,0
118371,,,,,0
118372,,,,,0
118373,,,,,0
118376,,,,,0
118377,,,中央,ﾁﾕｳｵｳ          ,
118378,,,,,0
118380,,,,,0
118382,,,,,0
118383,,,,,0
118391,,,,,0
118392,,,,,0
118393,,,,,0
118394,,,,,0
118396,,,,,0
118397,,,,,0
118412,,,,,0
118414,,,,,0
118415,,,,,0
118418,,,,,0
118446,,,,,0
118447,,,ひかり,ﾋｶﾘ            ,
118449,,,,,0
118451,,,,,0
118455,,,,,0
118459,,,,,0
118462,,,,,0
118468,,,,,0
118469,,,,,0
118502,,,,,0
118504,,,,,0
118508,,,,,0
118515,,,,,0
118516,,,,,0
118517,,,中央,ﾁﾕｳｵｳ,
118541,,,さと山,ｻﾄﾔﾏ           ,
118554,,,,,0
118558,,,,,0
118562,,,,,0
118566,,,,,0
118567,,,城端,ｼﾞﾖｳﾊﾅ         ,
118590,,,ひがし,ﾋｶﾞｼ           ,
118591,,,,,0
118640,,,,,0
118642,,,,,0
118643,,,,,0
118644,,,宝達,ﾎｳﾀﾞﾂ          ,
118646,,,中央,ﾁﾕｳｵｳ          ,
118647,,,,,0
118648,,,,,0
118649,,,,,0
118650,,,,,0
118651,,,,,0
118672,,,,,0
118673,,,,,0
118674,,,,,0
118675,,,,,0
118676,,,,,0
118677,,,,,0
118684,,,,,0
118685,,,,,0
118687,,,,,0
118692,,,,,0
118710,,,,,0
118718,,,,,0
118719,,,,,0
118751,,,,,0
118753,,,,,0
118756,,,,,0
118757,,,,,0
118758,,,海津中,ｶｲﾂﾞﾅｶ         ,
118759,,,,,0
118760,,,,,0
118761,,,,,0
118762,,,,,0
118763,,,海津北,ｶｲﾂﾞｷﾀ         ,
118764,,,,,0
118768,,,,,0
118769,,,,,0
118772,,,養老南,ﾖｳﾛｳﾐﾅﾐ,
118773,,,,,0
118778,,,,,0
118779,,,,,0
118780,,,,,0
118781,,,,,0
118782,,,,,0
118783,,,,,0
118785,,,,,0
118799,,,みのかも東,ﾐﾉｶﾓﾋｶﾞｼ,
118800,,,,,0
118803,,,,,0
118804,,,,,0
118807,,,,,0
118809,,,ひすい,ﾋｽｲ            ,
118813,,,,,0
118818,,,,,0
118821,,,,,0
118827,,,,,0
118828,,,,,0
118831,,,,,0
118832,,,,,0
118837,,,,,0
118844,,,,,0
118883,,,,,0
118886,,,,,0
118906,,,,,0
118908,,,,,0
118940,,,,,0
118941,2277,113,,,
118942,2277,114,河津桜,ｶﾜﾂﾞｻﾞｸﾗ,
118943,,,,,0
118944,2277,116,,,
118945,,,,,0
118946,2277,,下田北,ｼﾓﾀﾞｷﾀ         ,
118947,2277,,,,
118948,2277,,,,
118949,,,,,0
118950,2277,123,,,
118951,2277,125,,,
118952,2277,133,,,
118953,2277,135,,,
118954,,,,,0
118955,2277,137,,,
118956,,,,,0
118957,,101,伊豆太陽地区,ﾌｼﾞｲｽﾞﾉｳｷﾖｳ,
118958,2277,201,三島,ﾐｼﾏ            ,
118959,2277,202,,,
118960,2277,204,,,
118961,,,,,0
118962,2277,207,,,
118963,,,,,0
118964,,,,,0
118965,2277,212,,,
118966,2277,221,,,
118967,2277,223,,,
118968,,,,,0
118969,,,,,0
118970,2277,301,伊豆の国地区,ｲｽﾞﾉｸﾆﾁｸ       ,
118971,2277,302,,,
118972,,,,,0
118973,,,,,0
118974,2277,305,,,
118975,2277,306,,,
118976,2277,307,,,
118977,,,,,0
118978,,,,,0
118979,2277,313,,,
118980,2277,321,,,
118981,2277,331,,,
118982,,,,,0
118983,,,,,0
118984,,,,,0
118985,2277,354,修善寺,ｼﾕｾﾞﾝｼﾞ        ,
118986,,,,,0
118987,2277,356,,,
118988,,,,,0
118989,2277,360,,,
118990,,,,,0
118991,2277,401,あいら伊豆地区,ｱｲﾗｲｽﾞﾁｸ,
118992,2277,402,,,
118993,2277,404,,,
118994,2277,408,,,
118995,2277,409,,,
118996,2277,410,,,
118997,2277,420,,,
118998,2277,421,,,
118999,2277,424,,,
119007,,,,,0
119009,,,,,0
119018,,,ゆうすい,ﾕｳｽｲ           ,
119021,,,すその富岡,ｽｿﾉﾄﾐｵｶ        ,
119027,2277,501,御殿場地区,ｱｲﾗｲｽﾞﾁｸ,
119028,2277,502,,,
119029,2277,503,,,
119030,2277,504,,,
119031,2277,505,,,
119032,2277,506,,,
119033,2277,507,,,
119034,2277,508,,,
119035,2277,509,,,
119036,2277,510,,,
119037,2277,511,,,
119038,2277,512,,,
119039,2277,513,,,
119040,2277,514,ぐみざわ,ｸﾞﾐｻﾞﾜ         ,
119041,2277,515,,,
119042,2277,516,はなみずき,ﾊﾅﾐｽﾞｷ         ,
119043,2277,601,富士中央,ﾌｼﾞﾁﾕｳｵｳ       ,
119044,2277,602,,,
119045,2277,606,,,
119046,2277,607,,,
119047,2277,608,,,
119048,2277,609,富士北,ﾌｼﾞｷﾀ          ,
119049,2277,610,,,
119050,2277,611,,,
119051,2277,613,,,
119052,2277,614,,,
119053,2277,615,,,
119054,2277,616,,,
119055,2277,617,,,
119056,2277,621,,,
119057,2277,623,,,
119058,2277,624,,,
119059,2277,627,,,
119060,2277,628,,,
119061,2277,632,,,
119062,2277,701,富士宮地区,ﾌｼﾞﾉﾐﾔﾁｸ       ,
119063,2277,702,富士宮北部,ﾌｼﾞﾉﾐﾔﾎｸﾌﾞ     ,
119064,2277,703,,,
119065,2277,704,富士宮富丘,ﾌｼﾞﾉﾐﾔﾄﾐｵｶ     ,
119066,2277,706,,,
119067,2277,707,,,
119068,2277,709,,,
119069,2277,710,,,
119070,2277,716,富士宮中央,ﾌｼﾞﾉﾐﾔﾁﾕｳｵｳ    ,
119071,2277,718,富士宮東,ﾌｼﾞﾉﾐﾔﾋｶﾞｼ     ,
119072,2277,730,,,
119073,2277,740,,,
119096,,,,,0
119098,,,,,0
119108,,,,,0
119109,,,,,0
119113,,,,,0
119115,,,,,0
119123,,,,,0
119129,,,,,0
119133,,,,,0
119134,,,,,0
119139,,,,,0
119142,,,,,0
119144,,,,,0
119146,,,,,0
119159,,,,,0
119161,,,,,0
119164,,,,,0
119166,,,,,0
119191,,,,,0
119192,,,,,0
119195,,,,,0
119197,,,,,0
119208,,,,,0
119217,,,,,0
119220,,,,,0
119256,,,,,0
119289,,,,,0
119326,,,南天白,ﾐﾅﾐﾃﾝﾊﾟｸ       ,
119330,,,,,0
119366,,,,,0
119373,,,,,0
119381,,,,,0
119385,,,,,0
119420,,,,,0
119422,,,国府宮,ｺｳﾉﾐﾔ          ,
119425,,,,,0
119444,,,,,0
119462,,,,,0
119463,,,,,0
119464,,,常滑南,ﾄｺﾅﾒﾐﾅﾐ        ,
119473,,,,,0
119476,,,半田南,ﾊﾝﾀﾞﾐﾅﾐ        ,
119480,,,,,0
119483,,,,,0
119492,,,,,0
119493,,,,,0
119494,,,美浜西,ﾐﾊﾏﾆｼ          ,
119495,,,,,0
119514,,,,,0
119515,,,,,0
119606,,,,,0
119611,,,,,0
119620,,,,,0
119626,,,,,0
119630,,,,,0
119748,,,員弁,ｲﾅﾍﾞ           ,
119749,,,,,0
119762,,,,,0
119771,,,,,0
119776,,,,,0
119777,,,,,0
119783,,,,,0
119799,,,,,0
119801,,,,,0
119802,,,,,0
119804,,,,,0
119805,,,,,0
119807,,,,,0
119810,,,,,0
119811,,,久居西,ﾋｻｲﾆｼ          ,
119812,,,,,0
119814,2314,50,嬉野,ｳﾚｼﾉ           ,
119815,2314,52,三雲,ﾐｸﾓ            ,
119816,2314,53,,,
119817,,,,,0
119818,2314,60,,,
119819,2314,61,,,
119820,2314,62,,,
119821,2314,63,,,
119822,2314,65,,,
119823,2314,67,,,
119824,2314,70,,,
119825,2314,72,,,
119826,2314,74,,,
119827,,,,,0
119828,,,,,0
119829,,,明和北,ﾒｲﾜｷﾀ          ,
119830,,,明和南,ﾒｲﾜﾐﾅﾐ         ,
119831,,,,,0
119832,,,,,0
119849,,,,,0
119851,,,,,0
119870,,,,,0
119877,,,福井東部,ﾌｸｲﾄｳﾌﾞ        ,
119878,,,福井南部,ﾌｸｲﾅﾝﾌﾞ        ,
119879,,,福井中央,ﾌｸｲﾁﾕｳｵｳ       ,
119880,,,福井西部,ﾌｸｲｾｲﾌﾞ        ,
119881,,900,,,
119883,,,福井北部,ﾌｸｲﾎｸﾌﾞ        ,
119885,,,,,0
119886,2320,064,麻生津,ｱｿｳﾂﾞ          ,
119887,2320,061,文殊,ﾓﾝｼﾞﾕ          ,
119888,2320,077,永平寺,ｴｲﾍｲｼﾞ         ,
119889,2320,,,,
119890,2320,,,,
119891,2320,,,,
119892,,,,,0
119893,2320,,,,
119894,2320,,,,
119895,,,,,0
119896,,,,,0
119897,,,,,0
119898,2320,194,春江,ﾊﾙｴ            ,
119899,2320,,,,
119900,2320,,,,
119901,2320,,,,
119902,2320,,,,
119903,,,,,0
119904,2320,,,,
119905,2320,,,,
119906,2320,,,,
119907,2320,,,,
119908,2320,,,,
119909,2320,,,,
119910,2320,,,,
119911,2320,,,,
119912,2320,,,,
119913,2320,,,,
119914,2320,,,,
119915,2320,,,,
119916,,,,,0
119917,2320,,,,
119918,2320,,,,
119919,,,,,0
119920,2320,,,,
119921,2320,,,,
119922,2320,,,,
119923,2320,,,,
119924,2320,,,,
119925,2320,,,,
119929,,,,,0
119930,,,,,0
119931,,,,,0
119932,,,,,0
119933,,,南部,ﾅﾝﾌﾞ           ,
119935,,,,,0
119936,2320,603,敦賀東部,ﾂﾙｶﾞﾄｳﾌﾞ       ,
119937,2320,605,,,
119938,2320,600,,,
119939,2320,623,,,
119940,2320,621,,,
119941,2320,613,,,
119942,,,,,0
119943,,,,,0
119944,,,,,0
119945,2320,708,,,
119946,2320,713,,,
119947,2320,727,,,
119948,2320,732,,,
119949,2320,744,,,
119950,2320,762,,,
119951,2320,,,,
119952,,,打出浜,ｳﾁﾃﾞﾊﾏ         ,
119965,2331,131,,,
119966,2331,132,,,
119967,2331,133,,,
119968,2331,134,,,
119969,2331,135,,,
119970,2331,136,,,
119971,2331,137,,,
119972,2331,139,,,
119973,2331,140,,,
119974,2331,151,,,
119975,2331,152,,,
119976,2331,153,,,
119977,2331,154,,,
119978,2331,155,栗東中央,ﾘﾂﾄｳﾁﾕｳｵｳ      ,
119979,,,,,0
119980,2331,157,,,
119981,2331,158,,,
119982,2331,161,吉身,ﾖｼﾐ            ,
119983,2331,162,,,
119984,2331,163,,,
119985,2331,164,,,
119986,2331,165,,,
119987,2331,166,,,
119988,2331,167,祇王,,
119989,,,,,0
119990,2331,168,,,
119991,2331,169,,,
120018,,,東近江中央,ﾋｶﾞｼｵｳﾐﾁﾕｳｵｳ   ,
120051,,,,,0
120052,,,浅井,ｱｻﾞｲ           ,
120057,,,,,0
120061,2331,181,マキノ,ﾏｷﾉ            ,
120062,2331,182,今津,ｲﾏﾂﾞ           ,
120063,,,,,0
120064,2331,183,新旭,ｼﾝｱｻﾋ          ,
120065,2331,185,高島,ﾀｶｼﾏ           ,
120066,2331,184,安曇川,ｱﾄﾞｶﾞﾜ         ,
120089,,,,,0
120297,,,,,0
120369,,,,,0
120371,,,,,0
120373,,,,,0
120398,,,,,0
120418,,,,,0
120419,,,,,0
120421,,,,,0
120425,,,,,0
120430,,,,,0
120597,,,,,0
120615,,,,,0
120617,,,,,0
120619,,,,,0
120621,,,,,0
120622,,,,,0
120629,,,中央,ﾁﾕｳｵｳ          ,
120630,,,,,0
120631,,,,,0
120638,,,,,0
120639,,,田原出張所,ﾀﾜﾗ            ,
120640,,,,,0
120641,,,奈良東部,ﾅﾗﾄｳﾌﾞ         ,
120642,,,,,0
120647,,,伏見出張所,ﾌｼﾐ            ,
120650,,,,,0
120653,,,天理南,ﾃﾝﾘﾐﾅﾐ         ,
120654,,,,,0
120657,,,郡山出張所,ｺｵﾘﾔﾏ          ,
120659,,,,,0
120660,,,昭和出張所,ｼﾖｳﾜ           ,
120663,,,北倭出張所,ｷﾀﾔﾏﾄ          ,
120664,,,,,0
120671,,,,,0
120673,,,,,0
120674,,,,,0
120675,,,,,0
120677,,,,,0
120678,,,しき,ｼｷ             ,
120683,,,,,0
120684,,,,,0
120687,,,菟田野出張所,ｳﾀﾉ            ,
120689,,,室生出張所,ﾑﾛｳ            ,
120690,,,曽爾出張所,ｿﾆ             ,
120691,,,みつえ出張所,ﾐﾂｴ            ,
120692,,,まほろば,ﾏﾎﾛﾊﾞ          ,
120695,,,,,0
120697,,,真菅駅前出張所,ﾏｽｶﾞｴｷﾏｴ       ,
120698,,,高取出張所,ﾀｶﾄﾘ           ,
120701,,,,,0
120702,,,,,0
120703,,,,,0
120705,,,忍海出張所,ｵｼﾐ            ,
120707,,,,,0
120709,,,,,0
120710,,,,,0
120712,,,,,0
120714,,,掖上出張所,ﾜｷｶﾞﾐ          ,
120715,,,,,0
120722,,,吉野,ﾖｼﾉ            ,
120724,,,,,0
120726,,,下市口駅前出張所,ｼﾓｲﾁｸﾞﾁｴｷﾏｴ    ,
120748,,,,,0
120749,,,,,0
120750,,,,,0
120751,,,東部,ﾄｳﾌﾞ           ,
120756,,,,,0
120822,,,,,0
120823,,,,,0
120827,,,,,0
120906,,,,,0
120907,,,長浜,ﾅｶﾞﾊﾏ          ,
120920,,,,,0
120975,,,,,0
120979,,,,,0
120980,,,,,0
120990,,,,,0
120991,,,,,0
121015,,,,,0
121057,2397,090,,,
121058,2397,091,,,
121059,2397,092,,,
121060,2397,093,,,
121061,2397,094,赤磐吉井,ｱｶｲﾜﾖｼｲ        ,
121062,2397,095,,,
121063,2397,096,,,
121064,2397,097,,,
121065,2397,098,,,
121066,2397,099,,,
121067,,,,,0
121068,2397,110,,,
121069,2397,111,,,
121070,2397,112,,,
121071,2397,113,,,
121072,2397,114,,,
121073,2397,115,,,
121074,2397,116,,,
121075,2397,117,,,
121076,2397,118,,,
121077,2397,119,,,
121078,2397,120,,,
121079,2397,121,,,
121080,2397,122,,,
121081,2397,123,,,
121082,2397,124,,,
121083,2397,125,,,
121084,2397,126,,,
121085,2397,127,,,
121086,2397,128,,,
121087,2397,129,,,
121088,2397,130,,,
121089,2397,131,,,
121090,2397,132,,,
121091,2397,133,,,
121092,2397,134,,,
121093,2397,135,,,
121094,2397,136,井原,ｲﾊﾞﾗ ,
121095,2397,137,,,
121096,2397,138,,,
121097,2397,139,,,
121098,2397,140,,,
121099,2397,141,井原芳井,ｲﾊﾞﾗﾖｼｲ   ,
121100,2397,101,,,
121101,2397,152,,,
121102,2397,149,,,
121103,2397,151,,,
121104,2397,150,,,
121105,2397,153,,,
121106,2397,142,,,
121107,2397,143,,,
121108,2397,144,,,
121109,2397,145,,,
121110,2397,147,,,
121111,2397,148,,,
121112,2397,146,,,
121113,,,,,0
121114,,,高梁,ﾀｶﾊｼ           ,
121116,,,高梁落合,ﾀｶﾊｼｵﾁｱｲ       ,
121124,,,,,0
121125,,,,,0
121126,,,,,0
121127,,,,,0
121128,2397,157,新見駅前,ﾆｲﾐｴｷﾏｴ        ,
121129,2397,158,,,
121130,2397,159,,,
121131,2397,160,,,
121132,2397,161,,,
121133,2397,162,,,
121134,2397,163,,,
121135,,,,,0
121136,2397,165,,,
121137,2397,166,,,
121138,2397,167,,,
121139,2397,168,,,
121140,2397,169,,,
121141,2397,170,,,
121142,2397,171,真庭落合,ﾏﾆﾜｵﾁｱｲ        ,
121143,,,,,0
121144,,,,,0
121145,2397,173,,,
121146,2397,174,,,
121147,,,,,0
121148,2397,176,,,
121149,2397,177,,,
121150,2397,178,,,0
121151,2397,179,,,
121152,2397,180,,,
121153,2397,181,,,
121154,2397,182,,,
121155,2397,183,,,
121156,,,,,0
121157,2397,185,,,
121158,2397,186,,,
121159,2397,187,津山駅前,ﾂﾔﾏｴｷﾏｴ        ,
121160,2397,188,,,
121161,2397,189,,,
121162,2397,190,,,
121163,2397,191,,,
121164,2397,192,,,
121165,2397,193,,,
121166,2397,194,,,
121167,2397,195,,,
121168,,,,,0
121172,,,,,0
121175,,,,,0
121176,,,,,0
121177,,,,,0
121183,,,,,0
121189,,,,,0
121191,,,,,0
121192,,,,,0
121196,,,,,0
121198,,,,,0
121199,,,,,0
121200,,,,,0
121204,,,,,0
121205,,,,,0
121210,,,,,0
121212,,,,,0
121215,,,,,0
121218,,,,,0
121220,,,,,0
121221,,,,,0
121225,,,,,0
121226,,,,,0
121229,,,,,0
121230,,,,,0
121233,,,,,0
121234,,,,,0
121235,,,,,0
121238,,,,,0
121240,,,,,0
121242,,,,,0
121244,,,,,0
121248,,,,,0
121249,,,,,0
121250,,,,,0
121255,,,,,0
121258,,,,,0
121261,,,,,0
121262,,,,,0
121263,,,,,0
121265,,,,,0
121280,,,,,0
121308,,,,,0
121329,,,,,0
121344,,,内海出張所,ｳﾂﾐ            ,
121345,,,沼隈,ﾇﾏｸﾏ           ,
121387,,,,,0
121388,,,芦田,ｱｼﾀﾞ           ,
121390,,,宜山出張所,ﾑﾍﾞﾔﾏ          ,
121391,,,戸手出張所,ﾄﾃﾞ            ,
121394,,,常金丸出張所,ﾂﾈｶﾈﾏﾙ         ,
121396,,,神石出張所,ｼﾞﾝｾｷ          ,
121397,,,豊松出張所,ﾄﾖﾏﾂ           ,
121398,,,神石高原,ｼﾞﾝｾｷｺｳｹﾞﾝ     ,
121544,,,,,0
121546,,,,,0
121549,,,,,0
121550,,,,,0
121553,,,,,0
121555,,,,,0
121558,,,,,0
121559,,,小松島南部,ｺﾏﾂｼﾏﾅﾝﾌﾞ      ,
121560,,,,,0
121562,,,,,0
121563,,,,,0
121565,,,,,0
121566,,,羽ノ浦出張所,ﾊﾉｳﾗ           ,
121577,,,本店,ﾎﾝﾃﾝ           ,
121578,,,,,0
121579,,,うずしお,ｳｽﾞｼｵ          ,
121580,,,,,0
121589,,,,,0
121594,,,,,0
121595,,,本店,ﾎﾝﾃﾝ           ,
121596,2425,110,市場,ｲﾁﾊﾞ           ,
121597,,,,,0
121599,,,,,0
121600,,,西部,ｾｲﾌﾞ           ,
121602,,,,,0
121604,,,,,0
121605,,,,,0
121606,,,,,0
121616,,,,,0
121623,,,,,0
121626,,,,,0
121630,,,,,0
121632,,,,,0
121644,,,,,0
121646,,,,,0
121660,,,川岡,,
121667,,,,,0
121674,,,,,0
121676,,,綾南,ﾘﾖｳﾅﾝ          ,
121677,,,,,0
121682,,,,,0
121690,,,飯山,ﾊﾝｻﾞﾝ          ,
121691,,,,,0
121695,,,,,0
121696,,,,,0
121700,,,丸亀西,ﾏﾙｶﾞﾒﾆｼ        ,
121701,,,,,0
121705,,,,,0
121706,,,,,0
121707,,,,,0
121708,,,善通寺西,ｾﾞﾝﾂｳｼﾞﾆｼ      ,
121709,,,,,0
121710,,,善通寺東,ｾﾞﾝﾂｳｼﾞﾋｶﾞｼ    ,
121722,,,,,0
121727,,,,,0
121728,,,,,0
121729,,,,,0
121735,,,,,0
121737,,,,,0
121740,,,,,0
121741,,,,,0
121742,,,,,0
121744,,,,,0
121745,,,,,0
121746,2434,21,西条,ｻｲｼﾞﾖｳ         ,
121747,2434,22,,,
121748,2434,23,,,
121749,2434,24,,,
121750,2434,26,,,
121751,2434,27,,,
121752,2434,28,,,
121753,2434,29,,,
121754,2434,25,,,
121755,,,本所,ﾎﾝｼﾖ           ,
121783,,,,,0
121784,,,,,0
121785,,,朝倉,ｱｻｸﾗ           ,
121789,,,,,0
121792,,,,,0
121793,,,,,0
121796,,,,,0
121800,,,,,0
121803,,,,,0
121806,,,,,0
121809,,,,,0
121845,,,,,0
121847,,,,,0
121848,,,,,0
121849,,,,,0
121851,,,,,0
121856,,,,,0
121858,,,,,0
121860,,,,,0
121862,,,,,0
121863,,,,,0
121864,,,,,0
121868,,,,,0
121871,,,,,0
121872,,,,,0
121873,,,,,0
121891,,,,,0
121892,,,,,0
121893,,,,,0
121894,,,,,0
121895,,,,,0
121898,,,鬼北,ｷﾎｸ            ,
121899,,,,,0
121901,,,津島,ﾂｼﾏ            ,
121902,,,,,0
121903,,,,,0
121904,,,南宇和,ﾐﾅﾐｳﾜ          ,
121906,,,,,0
121907,,,,,0
121908,,,,,0
121910,,,,,0
121915,,,城北,ｼﾞﾖｳﾎｸ         ,
121920,,,,,0
121923,,,,,0
121926,,,重信,ｼｹﾞﾉﾌﾞ         ,
121927,,,,,0
121928,,,,,0
121931,,,,,0
121935,,,双海,ﾌﾀﾐ            ,
121936,,,,,0
121941,,,,,0
121946,,,,,0
121947,,,,,0
121962,,,,,0
121963,,,,,0
121971,,,,,0
121980,,,,,0
121988,,,,,0
122000,,,,,0
122005,,,仁淀出張所,,
122007,,,,,0
122017,,,,,0
122018,,,,,0
122019,,,,,0
122021,,,,,0
122025,,,,,0
122028,,,三原出張所,,
122044,,,,,0
122046,,,,,0
122047,,,,,0
122048,,,,,0
122053,,,,,0
122054,,,,,0
122061,,,,,0
122063,,,,,0
122064,,,久山,ﾋｻﾔﾏ           ,
122221,,,,,0
122222,,,,,0
122225,,,,,0
122233,,,,,0
122239,,,,,0
122243,,,,,0
122260,,,,,0
122261,,,,,0
122262,,,福智,ﾌｸﾁ            ,
122263,,,,,0
122265,,,,,0
122267,,,,,0
122268,,,香春,ｶﾜﾗ            ,
122271,,,,,0
122272,,,,,0
122287,,,,,0
122288,,,,,0
122337,,,,,0
122338,,,,,0
122339,,,,,0
122341,,,有明,ｱﾘｱｹ           ,
122342,,,,,0
122343,,,,,0
122344,,,,,0
122345,,,,,0
122349,,,,,0
122357,,,,,0
122360,,,,,0
122361,,,西部,ｾｲﾌﾞ           ,
122362,,,,,0
122366,,,有田出張所,ｱﾘﾀ            ,
122368,,,,,0
122381,,,,,0
122397,,,,,0
122398,,,波佐見,ﾊｻﾐ            ,
122420,,,,,0
122424,,,,,0
122429,,,,,0
122431,,,,,0
122446,,,,,0
122450,,,,,0
122451,,,南,ﾐﾅﾐ            ,
122452,,,,,0
122453,,,北,ｷﾀ             ,
122454,,,,,0
122455,,,対馬,ﾂｼﾏ            ,
122497,,,,,0
122516,,,,,0
122517,,,,,0
122544,,,,,0
122545,,,,,0
122575,,,,,0
122579,,,,,0
122580,,,,,0
122583,,,,,0
122584,,,,,0
122586,,,,,0
122591,,,,,0
122592,,,,,0
122596,,,,,0
122597,,,,,0
122599,,,,,0
122600,,,,,0
122601,,,,,0
122603,,,,,0
122606,,,,,0
122607,,,,,0
122610,,,,,0
122611,,,,,0
122615,,,,,0
122616,,,,,0
122617,,,,,0
122620,,,,,0
122623,,,,,0
122625,,,,,0
122626,,,,,0
122628,,,,,0
122631,,,,,0
122633,,,,,0
122636,,,,,0
122638,,,,,0
122639,,,,,0
122641,,,,,0
122642,,,,,0
122644,,,,,0
122645,,,,,0
122648,2494,560,玖珠,ｸｽ             ,
122649,2494,561,,,
122650,2494,570,飯田高原,ﾊﾝﾀﾞｺｳｹﾞﾝ      ,
122656,,,,,0
122659,,,,,0
122661,,,,,0
122662,,,,,0
122666,,,,,0
122667,,,,,0
122669,,,,,0
122671,,,,,0
122672,,,,,0
122673,,,,,0
122708,,,,,0
122714,,,,,0
122722,,,,,0
122723,,,,,0
122751,,,,,0
122767,,,,,0
122768,,,,,0
122769,,,,,0
122770,,,,,0
122771,,,,,0
122775,,,,,0
122778,,,,,0
122779,,,,,0
122782,,,,,0
122790,,,,,0
122793,,,,,0
122794,,,,,0
122866,,,,,0
122870,,,,,0
122905,,,,,0
122908,,,,,0
122914,,,,,0
122917,,,,,0
122918,,,,,0
122921,,,,,0
122922,,,,,0
122930,,,,,0
122931,,,,,0
122937,,,,,0
122939,,,,,0
122941,,,,,0
122950,,,,,0
122951,,,,,0
122958,,,,,0
122959,,,,,0
122966,,,,,0
122969,,,,,0
122973,,,,,0
122983,,,,,0
122988,,,宮古島,ﾐﾔｺｼﾞﾏ         ,
122990,,,,,0
122992,,,,,0
122993,,,,,0
122994,,,,,0
123006,2531,100,青森,ｱｵﾓﾘ           ,
123007,2531,200,岩手,ｲﾜﾃ            ,
123008,2531,210,,,
123009,2531,220,,,
123010,2531,223,,,
123011,2531,230,,,
123012,2531,250,,,
123013,2531,270,,,
123014,2531,290,,,
123020,2531,60,茨城,ｲﾊﾞﾗｷ          ,
123021,2531,75,,,
123022,2531,70,,,
123023,,,本店,ﾎﾝﾃﾝ           ,
123024,2531,10,東京,ﾄｳｷﾖｳ          ,
123026,2531,300,新潟,ﾆｲｶﾞﾀ          ,
123027,2531,400,富山,ﾄﾔﾏ            ,
123028,2531,410,,,
123029,2531,420,,,
123030,2531,500,石川,ｲｼｶﾜ           ,
123031,2531,700,静岡,ｼｽﾞｵｶ          ,
123032,,,,,0
123033,,,,,0
123034,,,,,0
123035,,,,,0
123036,,,,,0
123037,,,,,0
123038,,,,,0
123040,,,,,0
123041,,,,,0
123042,,,,,0
123043,,,,,0
123044,,,,,0
123045,,,,,0
123046,,,,,0
123047,,,,,0
123048,2531,900,三重,ﾐｴ             ,
123049,2531,910,,,
123050,2531,940,,,
123051,2531,600,福井,ﾌｸｲ            ,
123052,2531,630,,,
123053,2531,610,,,
123054,2531,620,,,
123056,,,,,0
123093,,,,,0
123095,,,,,0
123104,,,,,0
123105,,,,,0
123107,,,本店,ﾎﾝﾃﾝ           ,
123109,2551,2,佐賀統括,ｻｶﾞﾄｳｶﾂ        ,
123110,2551,500,,,
123111,2551,505,,,
123112,2551,517,,,
123113,2551,4,長崎統括,ﾅｶﾞｻｷﾄｳｶﾂ      ,
123115,,,,,0
123116,,,,,0
123117,,,,,0
123118,,,,,0
123119,,,,,0
123120,,,,,0
123121,,,,,0
123122,,,,,0
123123,,,,,0
123124,,,,,0
123125,,,,,0
123126,,,,,0
123127,,,,,0
123128,2551,5,宮崎統括,ﾐﾔｻﾞｷﾄｳｶﾂ      ,
123129,2551,125,,,
123130,2551,127,,,
123131,2551,133,,,
123132,2551,6,鹿児島統括,ｶｺﾞｼﾏﾄｳｶﾂ      ,
123133,,,,,0
123134,,,,,0
123135,,,,,0
123136,2551,7,沖縄統括,ｵｷﾅﾜﾄｳｶﾂ       ,
123231,,,,,0
